<manifest><control namespace="DR" constructor="TimePicker" version="1.0.10" display-name-key="TimePicker" description-key="TimePicker control based on React time Picker (rc-time-picker)" control-type="standard" preview-image="img/timepicker-preview.png" api-version="1.2.1"><property name="hourvalue" display-name-key="Hour Value Field" description-key="Bind this property to the field where you want to store the hour value" of-type="Whole.None" usage="bound" required="true" /><property name="minutevalue" display-name-key="Minute Value Field" description-key="Bind this property to the field where you want to store the minute value" of-type="Whole.None" usage="bound" required="true" /><property name="displaytype" display-name-key="Display Type" description-key="Display Type" of-type="Enum" usage="input" required="true"><value name="12hrs" display-name-key="12hrs" description-key="12hrs">12 hrs</value><value name="24hrs" display-name-key="24hrs" description-key="24hrs">24 hrs</value></property><resources><code path="bundle.js" order="1" /><css path="css/TimePicker.css" order="1" /></resources><built-by name="pac" version="1.3.6" /></control></manifest>