<manifest><control namespace="DR" constructor="TimePicker" version="1.0.2" display-name-key="TimePicker" description-key="TimePicker control based on React time Picker (rc-time-picker)" control-type="standard" api-version="1.2.1"><property name="hourvalue" display-name-key="Hour Value Field" description-key="Bind this property to the field where you want to store the hour value" of-type="Whole.None" usage="bound" required="true" /><property name="minutevalue" display-name-key="Minute Value Field" description-key="Bind this property to the field where you want to store the minute value" of-type="Whole.None" usage="bound" required="true" /><resources><code path="bundle.js" order="1" /><css path="css/TimePicker.css" order="1" /></resources><built-by name="pac" version="1.0.6" /></control></manifest>